Word	Tense	syntax	Number	Person	Voice	VerbForm	Mood	Case
circle	0.006779648771718327	0.057726712891201015	0.0	0.0	0.0	0.05558224531397438	0.0	0.0
pin	0.003209650888652993	0.08542129125154851	0.0	0.0	0.0	0.028212759709536406	0.0	0.0
stroke	0.016637783137523843	0.005780629552377348	0.0	0.0	0.0	0.035283966737467254	0.0	0.0
tip	0.0016330125394262707	0.10254828229123614	0.0	0.0	0.0	0.12706340941122662	0.0	0.0
