{
    "агентство": [],
    "ателье": [],
    "блочный": [],
    "богадельня": [],
    "боевик": [],
    "больница": [],
    "ботаник": [],
    "весна": [],
    "взлом": [],
    "вино": [],
    "вывеска": [],
    "выплеск": [],
    "высоколобый": [],
    "вышка": [],
    "гильдия": [],
    "глянец": [],
    "голубой": [],
    "двушка": [],
    "декрет": [],
    "дивизион": [],
    "дождь": [
        {
            "backward": {
                "candidate_words": [
                    "<UNK>",
                    "уси",
                    "уч"
                ],
                "candidates": [
                    2,
                    61029,
                    15608
                ],
                "logp": [
                    0.4652000069618225,
                    0.014600000344216824,
                    0.009200000204145908
                ]
            },
            "forward": {
                "candidate_words": [
                    "<UNK>",
                    "ua",
                    "также"
                ],
                "candidates": [
                    2,
                    3630,
                    12
                ],
                "logp": [
                    0.47040000557899475,
                    0.005400000140070915,
                    0.0032999999821186066
                ]
            }
        }
    ],
    "донорство": [],
    "драйвер": [],
    "дума": [],
    "завязка": [],
    "загрузка": [],
    "заключенный": [
        {
            "backward": {
                "candidate_words": [
                    "<UNK>",
                    "ru",
                    "год"
                ],
                "candidates": [
                    2,
                    227,
                    3
                ],
                "logp": [
                    0.10729999840259552,
                    0.005100000184029341,
                    0.0044999998062849045
                ]
            },
            "forward": {
                "candidate_words": [
                    "<UNK>",
                    "весь",
                    "др"
                ],
                "candidates": [
                    2,
                    4,
                    1000
                ],
                "logp": [
                    0.04820000007748604,
                    0.007499999832361937,
                    0.007400000002235174
                ]
            }
        }
    ],
    "защитник": [],
    "знамя": [],
    "знатный": [
        {
            "backward": {
                "candidate_words": [
                    "<UNK>",
                    "например",
                    "тип"
                ],
                "candidates": [
                    2,
                    114,
                    215
                ],
                "logp": [
                    0.17579999566078186,
                    0.009800000116229057,
                    0.008100000210106373
                ]
            },
            "forward": {
                "candidate_words": [
                    "<UNK>",
                    "весь",
                    "очень"
                ],
                "candidates": [
                    2,
                    4,
                    13
                ],
                "logp": [
                    0.03830000013113022,
                    0.029100000858306885,
                    0.008799999952316284
                ]
            }
        }
    ],
    "игра": [],
    "инкубатор": [],
    "исполнитель": [
        {
            "backward": {
                "candidate_words": [
                    "случай",
                    "место",
                    "отдавать"
                ],
                "candidates": [
                    33,
                    21,
                    951
                ],
                "logp": [
                    0.020400000736117363,
                    0.019700000062584877,
                    0.018200000748038292
                ]
            },
            "forward": {
                "candidate_words": [
                    "мочь",
                    "также",
                    "глухой"
                ],
                "candidates": [
                    5,
                    12,
                    5513
                ],
                "logp": [
                    0.08449999988079071,
                    0.03200000151991844,
                    0.02850000001490116
                ]
            }
        }
    ],
    "казенный": [],
    "карта": [],
    "классный": [],
    "клиника": [],
    "комиссар": [],
    "корпус": [],
    "лилипут": [],
    "ломберный": [],
    "мазь": [],
    "мама": [],
    "машина": [],
    "модель": [],
    "молодец": [],
    "мыло": [],
    "насаждение": [],
    "однодневка": [],
    "орбита": [],
    "отдел": [
        {
            "backward": {
                "candidate_words": [
                    "<UNK>",
                    "ru",
                    "год"
                ],
                "candidates": [
                    2,
                    227,
                    3
                ],
                "logp": [
                    0.10729999840259552,
                    0.005100000184029341,
                    0.0044999998062849045
                ]
            },
            "forward": {
                "candidate_words": [
                    "<UNK>",
                    "весь",
                    "работа"
                ],
                "candidates": [
                    2,
                    4,
                    8
                ],
                "logp": [
                    0.039900001138448715,
                    0.00930000003427267,
                    0.006000000052154064
                ]
            }
        }
    ],
    "отделение": [
        {
            "backward": {
                "candidate_words": [
                    "<UNK>",
                    "компания",
                    "система"
                ],
                "candidates": [
                    2,
                    16,
                    20
                ],
                "logp": [
                    0.2786000072956085,
                    0.047600001096725464,
                    0.013299999758601189
                ]
            },
            "forward": {
                "candidate_words": [
                    "предприятие",
                    "зона",
                    "организация"
                ],
                "candidates": [
                    199,
                    543,
                    73
                ],
                "logp": [
                    0.093299999833107,
                    0.08609999716281891,
                    0.08079999685287476
                ]
            }
        }
    ],
    "отрывок": [],
    "пакет": [],
    "палата": [],
    "передовой": [],
    "перестройка": [],
    "пионер": [],
    "погрешность": [],
    "подстава": [],
    "правитель": [],
    "привет": [],
    "приношение": [],
    "прислуга": [],
    "приставка": [],
    "присутствие": [],
    "провальный": [],
    "продукция": [],
    "пружина": [],
    "раскрутка": [],
    "рождество": [],
    "рынок": [],
    "рыночный": [],
    "свалка": [],
    "свинцовый": [],
    "сволочь": [],
    "секция": [],
    "собака": [],
    "собор": [],
    "стаканчик": [],
    "стачка": [],
    "стиль": [],
    "тетка": [],
    "трибунал": [],
    "тройка": [],
    "трубка": [],
    "удвоение": [],
    "уклон": [],
    "управа": [],
    "управление": [],
    "участок": [],
    "флакон": [],
    "червяк": [],
    "четырехлетка": [],
    "элемент": [
        {
            "backward": {
                "candidate_words": [
                    "<UNK>",
                    "компания",
                    "работа"
                ],
                "candidates": [
                    2,
                    16,
                    8
                ],